{"current":{"colors_solid_button_labels":"#FFFFFF","colors_accent_1":"#121212","colors_accent_2":"#334FB4","colors_text":"#121212","colors_outline_button_labels":"#121212","colors_background_1":"#FFFFFF","colors_background_2":"#F3F3F3","type_header_font":"assistant_n4","type_body_font":"assistant_n4","currency_code_enabled":true,"sections":{"announcement-bar":{"type":"announcement-bar","blocks":{"announcement-bar-0":{"type":"announcement","disabled":true,"settings":{"text":"🔥6月巴哈花精線上工作坊🌹","color_scheme":"background-1","link":"shopify:\/\/products\/巴哈花精🌿自我療癒🌿線上工作坊"}},"d9186e79-f90d-4ef6-bae2-c9ba7054b2ae":{"type":"announcement","disabled":true,"settings":{"text":"防疫時期讓🌸花精🌸支持我們活在當下💗","color_scheme":"background-1","link":"shopify:\/\/collections\/英國巴赫花精"}},"f7aabcba-ad22-466b-bf5c-5025ab36dee2":{"type":"announcement","settings":{"text":"7\/15 拈花惹草～押花夜燈🌺工作坊","color_scheme":"background-1","link":"shopify:\/\/products\/拈花惹草-手作押花夜燈"}}},"block_order":["announcement-bar-0","d9186e79-f90d-4ef6-bae2-c9ba7054b2ae","f7aabcba-ad22-466b-bf5c-5025ab36dee2"],"settings":{}},"header":{"type":"header","settings":{"color_scheme":"background-1","logo_width":100,"logo_position":"middle-left","menu":"main-menu","show_line_separator":true,"enable_sticky_header":true}},"footer":{"type":"footer","blocks":{"footer-0":{"type":"link_list","settings":{"heading":"Quick links","menu":"footer"}},"91e236e6-515d-4c4c-9b60-fc5a4f560b3d":{"type":"image","settings":{"image":"shopify:\/\/shop_images\/60024D39-0D61-4FB2-9984-050CDC91BA74.jpg","image_width":200,"alignment":"center"}},"footer-1":{"type":"text","settings":{"heading":"心靈魔法植研所 LINE社群","subtext":"<p>歡迎加入一起共學分享。<\/p><p>提供心靈叢書推薦、花精介紹講座以及能量商品的使用分享心得等等￼。<\/p>"}}},"block_order":["footer-0","91e236e6-515d-4c4c-9b60-fc5a4f560b3d","footer-1"],"settings":{"color_scheme":"background-1","newsletter_enable":true,"newsletter_heading":"訂閲官網","show_social":true,"enable_country_selector":false,"enable_language_selector":true,"payment_enable":true}}},"content_for_index":[]},"presets":{"Default":{"colors_solid_button_labels":"#FFFFFF","colors_accent_1":"#121212","colors_accent_2":"#334FB4","colors_text":"#121212","colors_outline_button_labels":"#121212","colors_background_1":"#FFFFFF","colors_background_2":"#F3F3F3","type_header_font":"assistant_n4","type_body_font":"assistant_n4","sections":{"announcement-bar":{"type":"announcement-bar","blocks":{"announcement-bar-0":{"type":"announcement","settings":{"color_scheme":"background-1"}}},"block_order":["announcement-bar-0"],"settings":{}}}},"Craft":{"colors_solid_button_labels":"#EFECEC","colors_accent_1":"#2A332F","colors_accent_2":"#476154","colors_text":"#1C1A1A","colors_outline_button_labels":"#7B8382","colors_background_1":"#EFECEC","colors_background_2":"#C1BCAE","type_header_font":"americana_n4","type_body_font":"quattrocento_sans_n4","sections":{"footer":{"type":"footer","blocks":{"menu":{"type":"link_list","settings":{}},"text":{"type":"text","settings":{}}},"block_order":["menu","text"],"settings":{"color_scheme":"accent-1"}}}}}}