{"sections":{"image_banner":{"type":"image-banner","blocks":{"heading":{"type":"heading","settings":{"heading":"魔法。植物。水晶。書籍","heading_size":"medium"}},"button":{"type":"buttons","settings":{"button_label_1":"Shop all","button_link_1":"shopify:\/\/collections\/all","button_style_secondary_1":true,"button_label_2":"","button_link_2":"shopify:\/\/collections\/all","button_style_secondary_2":false}}},"block_order":["heading","button"],"settings":{"image_2":"shopify:\/\/shop_images\/leaves-white-brick-background.jpg","image_overlay_opacity":0,"image_height":"medium","adapt_height_first_image":true,"desktop_content_position":"top-center","show_text_box":true,"desktop_content_alignment":"center","color_scheme":"background-1","mobile_content_alignment":"center","stack_images_on_mobile":true,"show_text_below":true}},"rich_text":{"type":"rich-text","blocks":{"heading":{"type":"heading","settings":{"heading":"滋養內在小孩","heading_size":"h1"}},"text":{"type":"text","settings":{"text":"<p>歡迎你！<br\/>傾聽內心的聲音，滋養內在小孩。<\/p><p>活出真實喜悅的自己。<\/p>"}},"button":{"type":"button","settings":{"button_label":"療癒服務","button_link":"shopify:\/\/collections\/療癒服務","button_style_secondary":false}}},"block_order":["heading","text","button"],"settings":{"color_scheme":"background-1","full_width":true}},"featured_products":{"type":"featured-collection","settings":{"title":"精選商品","collection":"frontpage","products_to_show":8,"show_view_all":true,"swipe_on_mobile":true,"image_ratio":"square","show_secondary_image":true,"add_image_padding":false,"show_image_outline":true,"show_vendor":false,"show_rating":false}},"1648656298cd5d9e4d":{"type":"collection-list","blocks":{"16486562987d4e87ea-0":{"type":"featured_collection","settings":{"collection":"英國巴赫花精"}},"16486562987d4e87ea-1":{"type":"featured_collection","settings":{"collection":"巴赫急救花精"}},"16486562987d4e87ea-2":{"type":"featured_collection","disabled":true,"settings":{"collection":""}}},"block_order":["16486562987d4e87ea-0","16486562987d4e87ea-1","16486562987d4e87ea-2"],"settings":{"title":"英國巴赫花精系列","image_ratio":"square","color_scheme":"background-1","swipe_on_mobile":true,"image_padding":true,"show_view_all":true}},"16438808490b71a93b":{"type":"collection-list","blocks":{"16438808496ece1ef5-0":{"type":"featured_collection","settings":{"collection":"魔法商品"}},"16438808496ece1ef5-1":{"type":"featured_collection","settings":{"collection":"賽巴巴香"}},"16438808496ece1ef5-2":{"type":"featured_collection","settings":{"collection":"線香香板"}}},"block_order":["16438808496ece1ef5-0","16438808496ece1ef5-1","16438808496ece1ef5-2"],"settings":{"title":"魔法系列","image_ratio":"square","color_scheme":"background-1","swipe_on_mobile":true,"image_padding":false,"show_view_all":true}},"1644474519cb636af7":{"type":"collection-list","blocks":{"f100240d-e189-4b6c-884e-8e30de3a6f7e":{"type":"featured_collection","settings":{"collection":"粉晶"}},"1644474519f7c95e3c-1":{"type":"featured_collection","settings":{"collection":"拉長石"}},"39672bba-820c-4ce7-9cd9-3d7415a700b2":{"type":"featured_collection","settings":{"collection":"髮晶"}},"ec7a4b04-a5f7-4e7f-9154-9910c8fd6649":{"type":"featured_collection","settings":{"collection":"瑪瑙系列"}},"bf9c730d-2a83-4b5a-918e-2c045eb905b9":{"type":"featured_collection","settings":{"collection":"項鍊墜子"}}},"block_order":["f100240d-e189-4b6c-884e-8e30de3a6f7e","1644474519f7c95e3c-1","39672bba-820c-4ce7-9cd9-3d7415a700b2","ec7a4b04-a5f7-4e7f-9154-9910c8fd6649","bf9c730d-2a83-4b5a-918e-2c045eb905b9"],"settings":{"title":"水晶系列","image_ratio":"square","color_scheme":"background-1","swipe_on_mobile":true,"image_padding":false,"show_view_all":true}},"1643971745a8c20570":{"type":"collection-list","blocks":{"1643971745d399be64-1":{"type":"featured_collection","settings":{"collection":"人生整理系列"}},"fd1f9971-618b-46fe-8b82-118ca11ed5da":{"type":"featured_collection","settings":{"collection":"魔法-神秘學系列"}},"2d6d15ae-9354-4db7-b72c-b7cb4a5749e2":{"type":"featured_collection","settings":{"collection":"巴哈花精叢書"}},"1643971745d399be64-2":{"type":"featured_collection","settings":{"collection":"水晶療癒"}},"1643971745d399be64-0":{"type":"featured_collection","settings":{"collection":"奧修系列"}}},"block_order":["1643971745d399be64-1","fd1f9971-618b-46fe-8b82-118ca11ed5da","2d6d15ae-9354-4db7-b72c-b7cb4a5749e2","1643971745d399be64-2","1643971745d399be64-0"],"settings":{"title":"心靈叢書📖 75折起🔥","image_ratio":"portrait","color_scheme":"background-1","swipe_on_mobile":true,"image_padding":true,"show_view_all":true}},"collage":{"type":"collage","blocks":{"video":{"type":"video","settings":{"cover_image":"shopify:\/\/shop_images\/FF42CBA0-950B-403E-A6E0-86A64497BDC5.jpg","video_url":"https:\/\/youtu.be\/oh68BnVoOdE","description":"園藝治療介紹","image_padding":false}},"product":{"type":"product","settings":{"product":"園藝療癒工作坊-團體或一對一","second_image":false,"image_padding":false,"secondary_background":false}},"collection":{"type":"collection","disabled":true,"settings":{"collection":"園藝治療諮詢與規劃","image_padding":false,"color_scheme":"background-1"}}},"block_order":["video","product","collection"],"settings":{"heading":"療癒課程系列","desktop_layout":"left","mobile_layout":"column"}},"16439511106aba38e0":{"type":"slideshow","blocks":{"1643951109179003b6-0":{"type":"slide","settings":{"image":"shopify:\/\/shop_images\/angel-of-the-waters-statue.jpg","heading":"IET大天使整合療癒","heading_size":"medium","subheading":"心之連結。清除業力印記。顯化夢想。","button_label":"傾聽","link":"shopify:\/\/products\/iet大天使整合能量療癒","button_style_secondary":true,"box_align":"bottom-center","show_text_box":true,"text_alignment":"center","image_overlay_opacity":40,"color_scheme":"background-1","text_alignment_mobile":"center"}},"1643951109179003b6-1":{"type":"slide","settings":{"image":"shopify:\/\/shop_images\/sporadic-flower-petals-on-white.jpg","heading":"花精諮詢","heading_size":"medium","subheading":"花草療癒力","button_label":"傾聽","link":"shopify:\/\/products\/花精諮詢","button_style_secondary":true,"box_align":"middle-center","show_text_box":true,"text_alignment":"center","image_overlay_opacity":0,"color_scheme":"background-1","text_alignment_mobile":"center"}},"44d9a143-7d8b-4785-b044-4cd21c79e5ef":{"type":"slide","settings":{"image":"shopify:\/\/shop_images\/hands-in-prayer-with-prayer-book.jpg","heading":"塔羅占卜","heading_size":"medium","subheading":"心的指引","button_label":"傾聽","link":"shopify:\/\/products\/塔羅占卜🔮","button_style_secondary":true,"box_align":"middle-center","show_text_box":true,"text_alignment":"center","image_overlay_opacity":0,"color_scheme":"background-1","text_alignment_mobile":"center"}}},"block_order":["1643951109179003b6-0","1643951109179003b6-1","44d9a143-7d8b-4785-b044-4cd21c79e5ef"],"settings":{"layout":"grid","slide_height":"adapt_image","slider_visual":"counter","auto_rotate":true,"change_slides_speed":3,"show_text_below":true,"accessibility_info":"Slideshow about our brand"}},"video":{"type":"video","disabled":true,"settings":{"heading":"園藝治療 植物浮雕版畫DIY","cover_image":"shopify:\/\/shop_images\/239342097_4340949255943560_8762724656481373440_n.jpg","video_url":"https:\/\/youtu.be\/8PV4wbEP0hAu","description":"","full_width":false}},"164456358861348569":{"type":"featured-blog","disabled":true,"settings":{"heading":"Blog posts","blog":"","post_limit":3,"show_image":true,"show_date":true,"show_author":false,"soft_background":false,"show_view_all":true}},"1644565580f0a21ac4":{"type":"custom-liquid","disabled":true,"settings":{"custom_liquid":"<iframe src=\"https:\/\/www.facebook.com\/plugins\/page.php?href=https%3A%2F%2Fwww.facebook.com%2F%E5%BE%AE%E7%AC%91%E8%B2%93%E6%A4%8D%E7%89%A9%E7%99%82%E7%99%92%E5%BF%83%E7%A9%BA%E9%96%93-echoes-of-the-soul-2077752169126607%2F&tabs=timeline&width=277&height=500&small_header=false&adapt_container_width=true&hide_cover=false&show_facepile=true&appId\" width=\"270\n\" height=\"500\" style=\"border:none;overflow:hidden\" scrolling=\"no\" frameborder=\"0\" allowfullscreen=\"true\" allow=\"autoplay; clipboard-write; encrypted-media; picture-in-picture; web-share\"><\/iframe>"}},"16563057935fee40d3":{"type":"collage","disabled":true,"blocks":{"1656305793bb1b99b0-0":{"type":"video","settings":{"video_url":"https:\/\/www.youtube.com\/watch?v=_9VUPq3SxOc","description":"Describe the video","image_padding":false}},"1656305793bb1b99b0-1":{"type":"product","settings":{"product":"","second_image":false,"image_padding":false,"secondary_background":false}},"1656305793bb1b99b0-2":{"type":"collection","settings":{"collection":"","image_padding":false,"color_scheme":"background-1"}}},"block_order":["1656305793bb1b99b0-0","1656305793bb1b99b0-1","1656305793bb1b99b0-2"],"settings":{"heading":"Multimedia collage","desktop_layout":"left","mobile_layout":"collage"}}},"order":["image_banner","rich_text","featured_products","1648656298cd5d9e4d","16438808490b71a93b","1644474519cb636af7","1643971745a8c20570","collage","16439511106aba38e0","video","164456358861348569","1644565580f0a21ac4","16563057935fee40d3"]}